cluster;Num_Filmes;Genero_Principal;Rating_Medio;Ano_Medio
0;5;Action Epic;8.879999999999999;1995.8
1;6;Action Epic;8.816666666666666;1985.6666666666667
2;3;Action Epic;8.733333333333334;2002.6666666666667
3;7;Epic;8.87142857142857;1993.142857142857
4;4;Action Epic;8.7;1963.75
