Modelo;Silhouette Score;Calinski-Harabasz Score;Davies-Bouldin Score
Modelo 1 (TF-IDF);0.037170703671759266;1.6117515903175634;2.4501387349123847
Modelo 2 (Todas Features);0.3193586981244149;24.535984161374383;0.9340717056833459
